[
  {
    "id": 7,
    "nombre": "Pantalón de vestir azul marino",
    "talla": "8",
    "precio": 100,
    "imagen": "https://cdn.discordapp.com/attachments/1067579101868732458/1113753284474327090/306938674_750792936011568_6062338105269957625_n.png"
  },
  {
    "id": 6,
    "nombre": "Pantalón cargo verde",
    "talla": "12",
    "precio": 120,
    "imagen": "https://cdn.discordapp.com/attachments/1067579101868732458/1113752620964778044/333496874_748690836766179_7712154834063362232_n.png"
  },
  {
    "id": 5,
    "nombre": "Nike vintage 00s",
    "talla": "S/M",
    "precio": 250,
    "imagen": "https://cdn.discordapp.com/attachments/1067579101868732458/1113752235436953641/314665834_1458740467947966_7646784897657404666_n.png"
  },
  {
    "id": 4,
    "nombre": "Hoodie champion",
    "talla": "M",
    "precio": 400,
    "imagen": "https://cdn.discordapp.com/attachments/1067579101868732458/1113751863439929365/319553114_469329545273379_8393551013442621542_n.png"
  },
  {
    "id": 3,
    "nombre": "Short chino Polo Ralph Lauren vintage",
    "talla": "#36",
    "precio": 200,
    "imagen": "https://cdn.discordapp.com/attachments/1067579101868732458/1113750640418635776/348680659_297723965914062_9125057083515963857_n.png"
  },
  {
    "id": 2,
    "nombre": "Pants Nike 00s",
    "talla": "XL/L",
    "precio": 300,
    "imagen": "https://cdn.discordapp.com/attachments/1067579101868732458/1113750831158808627/331986688_961436744803077_198630798355533588_n.png"
  },
  {
    "id": 1,
    "nombre": "Air Force tee 80s/90s",
    "talla": "L",
    "precio": 200,
    "imagen": "https://cdn.discordapp.com/attachments/1067579101868732458/1113750539881156638/350091133_1320771575177006_5215407666080197980_n.png"
  }
]